{
  "Component-preload.js": 1675932822388,
  "controller/ToList.controller.js": 1675858458881,
  "utils/locate-reuse-libs.js": 1675680884866,
  "model/models.js": 1675680884870,
  "controller/View1.controller.js": 1675867336280,
  "manifest.json": 1675932821999,
  "controller/App.controller.js": 1675680884878,
  "Component.js": 1675680884858,
  "i18n/i18n.properties": 1675680966713,
  "controller/View1-dbg.controller.js": 1675867336280,
  "model/models-dbg.js": 1675680884870,
  "utils/locate-reuse-libs-dbg.js": 1675680884866,
  "controller/ToList-dbg.controller.js": 1675858458881,
  "controller/App-dbg.controller.js": 1675680884878,
  "Component-dbg.js": 1675680884858,
  "view/View1.view.xml": 1675707877869,
  "view/ToList.view.xml": 1675701092127,
  "view/App.view.xml": 1675680884878,
  "css/style.css": 1675680884878,
  "index.html": 1675680884858
}